Title,Company,Location,Apply
"Director, Product Management, Engagement",Asana,"San Francisco, CA",https://www.linkedin.com/jobs/view/director-product-management-engagement-at-asana-3842887662?position=1&pageNum=0&refId=6BuP2ZoMidy8BVqc7hEp%2Bg%3D%3D&trackingId=FCYtbOVVklrOz141wRyMww%3D%3D&trk=public_jobs_jserp-result_search-card
Head of Product - Growth,Nextdoor,"San Francisco, CA",https://www.linkedin.com/jobs/view/head-of-product-growth-at-nextdoor-3817995018?position=2&pageNum=0&refId=6BuP2ZoMidy8BVqc7hEp%2Bg%3D%3D&trackingId=zGmoyUlk%2FTNQ8yJrnwdADw%3D%3D&trk=public_jobs_jserp-result_search-card
Chief Product Officer (Founding Team),CSV Now,"San Francisco, CA",https://www.linkedin.com/jobs/view/chief-product-officer-founding-team-at-csv-now-3787777623?position=3&pageNum=0&refId=6BuP2ZoMidy8BVqc7hEp%2Bg%3D%3D&trackingId=gn626YUgtwZ0wGkiMtu8zA%3D%3D&trk=public_jobs_jserp-result_search-card
Sr. Director Product Management for Consumer Products,Western Digital,"Milpitas, CA",https://www.linkedin.com/jobs/view/sr-director-product-management-for-consumer-products-at-western-digital-3837863452?position=4&pageNum=0&refId=6BuP2ZoMidy8BVqc7hEp%2Bg%3D%3D&trackingId=J8OohGxLvjstwEfY0Yp0sQ%3D%3D&trk=public_jobs_jserp-result_search-card
"Director of Product Management, Shopping",Pinterest,"San Francisco, CA",https://www.linkedin.com/jobs/view/director-of-product-management-shopping-at-pinterest-3865441530?position=5&pageNum=0&refId=6BuP2ZoMidy8BVqc7hEp%2Bg%3D%3D&trackingId=GQSTv0v9XXuHJD1l%2F9tuFQ%3D%3D&trk=public_jobs_jserp-result_search-card
"Senior Director, Product",Primer.ai,"San Francisco, CA",https://www.linkedin.com/jobs/view/senior-director-product-at-primer-ai-3816988041?position=6&pageNum=0&refId=6BuP2ZoMidy8BVqc7hEp%2Bg%3D%3D&trackingId=W0%2F8g5m9ttZ6VXfhv08YXw%3D%3D&trk=public_jobs_jserp-result_search-card
Director of Product Management,Renesas Electronics,"San Jose, CA",https://www.linkedin.com/jobs/view/director-of-product-management-at-renesas-electronics-3842006013?position=7&pageNum=0&refId=6BuP2ZoMidy8BVqc7hEp%2Bg%3D%3D&trackingId=CX%2FqA4Tw4dJ6kGlnj9tHdg%3D%3D&trk=public_jobs_jserp-result_search-card
"Director, Product Management - API Ecosystem",Walmart,"Sunnyvale, CA",https://www.linkedin.com/jobs/view/director-product-management-api-ecosystem-at-walmart-3843043208?position=8&pageNum=0&refId=6BuP2ZoMidy8BVqc7hEp%2Bg%3D%3D&trackingId=BwVt2Hfae3dJodAJj0qdqQ%3D%3D&trk=public_jobs_jserp-result_search-card
"VP of Product, Corporations",Carta,"San Francisco, CA",https://www.linkedin.com/jobs/view/vp-of-product-corporations-at-carta-3800471800?position=9&pageNum=0&refId=6BuP2ZoMidy8BVqc7hEp%2Bg%3D%3D&trackingId=zVCL5%2FboE1gG5yE1yFqawA%3D%3D&trk=public_jobs_jserp-result_search-card
Director of Product Management,Simbian,"Mountain View, CA",https://www.linkedin.com/jobs/view/director-of-product-management-at-simbian-3831057932?position=10&pageNum=0&refId=6BuP2ZoMidy8BVqc7hEp%2Bg%3D%3D&trackingId=D99L7PuHiLwBXm0WSNIGSA%3D%3D&trk=public_jobs_jserp-result_search-card
"Group Product Manager, Family Profile & Global Identity",PanasonicWELL,"Palo Alto, CA",https://www.linkedin.com/jobs/view/group-product-manager-family-profile-global-identity-at-panasonicwell-3845881689?position=1&pageNum=2&refId=gMvnHiN9ftGY%2BQzDR%2BNCpg%3D%3D&trackingId=Ofw7K9YCWpsMH1sivOiPOQ%3D%3D&trk=public_jobs_jserp-result_search-card
"Product Program Manager, Customer Support",Meta,"Menlo Park, CA",https://www.linkedin.com/jobs/view/product-program-manager-customer-support-at-meta-3850283914?position=2&pageNum=2&refId=gMvnHiN9ftGY%2BQzDR%2BNCpg%3D%3D&trackingId=4MVNa%2FaGxFWv94qaDFLLCQ%3D%3D&trk=public_jobs_jserp-result_search-card
Vice President of Product (Beamer + Userflow),Beamer,San Francisco Bay Area,https://www.linkedin.com/jobs/view/vice-president-of-product-beamer-%2B-userflow-at-beamer-3842998210?position=3&pageNum=2&refId=gMvnHiN9ftGY%2BQzDR%2BNCpg%3D%3D&trackingId=KhIDIie2yyxdm4bi7y8OAg%3D%3D&trk=public_jobs_jserp-result_search-card
"Director of Product, Partner Platform",BetterUp,"San Francisco, CA",https://www.linkedin.com/jobs/view/director-of-product-partner-platform-at-betterup-3624544856?position=4&pageNum=2&refId=gMvnHiN9ftGY%2BQzDR%2BNCpg%3D%3D&trackingId=xzcpUTRAdh3C3iciMje9Sw%3D%3D&trk=public_jobs_jserp-result_search-card
"Director, Product Management - Telehealth",23andMe,"Sunnyvale, CA",https://www.linkedin.com/jobs/view/director-product-management-telehealth-at-23andme-3663841438?position=5&pageNum=2&refId=gMvnHiN9ftGY%2BQzDR%2BNCpg%3D%3D&trackingId=wyrVQUtq1dthuvSw2Kjx%2BA%3D%3D&trk=public_jobs_jserp-result_search-card
Cloud Product Owner,UpRecruit,"San Francisco, CA",https://www.linkedin.com/jobs/view/cloud-product-owner-at-uprecruit-3861965578?position=6&pageNum=2&refId=gMvnHiN9ftGY%2BQzDR%2BNCpg%3D%3D&trackingId=GWfO2uIGot%2F%2By8rssl9NHg%3D%3D&trk=public_jobs_jserp-result_search-card
Director of Product Management,Invenia Group,"San Jose, CA",https://www.linkedin.com/jobs/view/director-of-product-management-at-invenia-group-3860535603?position=7&pageNum=2&refId=gMvnHiN9ftGY%2BQzDR%2BNCpg%3D%3D&trackingId=1xcuBo9ptE%2FI8mmi2VFTOw%3D%3D&trk=public_jobs_jserp-result_search-card
"Director , Product Management",Renesas Electronics,"San Jose, CA",https://www.linkedin.com/jobs/view/director-product-management-at-renesas-electronics-3847906566?position=8&pageNum=2&refId=gMvnHiN9ftGY%2BQzDR%2BNCpg%3D%3D&trackingId=34RfJzZnJcxhqiUFuvG1rg%3D%3D&trk=public_jobs_jserp-result_search-card
Director / Sr. Director Product (Platform),SAIGroup,"Los Altos, CA",https://www.linkedin.com/jobs/view/director-sr-director-product-platform-at-saigroup-3854950160?position=9&pageNum=2&refId=gMvnHiN9ftGY%2BQzDR%2BNCpg%3D%3D&trackingId=6bs4Px7yEGdEUpYj4syiGg%3D%3D&trk=public_jobs_jserp-result_search-card
Head of Product,Sprig,"San Francisco, CA",https://www.linkedin.com/jobs/view/head-of-product-at-sprig-3871632970?position=10&pageNum=2&refId=gMvnHiN9ftGY%2BQzDR%2BNCpg%3D%3D&trackingId=U18l6G4zgZbMmzPF6ixUEw%3D%3D&trk=public_jobs_jserp-result_search-card
Title,Company,Location,Apply
"Vice President of Product Management, Workspace Platform",Google,"Sunnyvale, CA",https://www.linkedin.com/jobs/view/vice-president-of-product-management-workspace-platform-at-google-3856039921?position=10&pageNum=2&refId=eBf4SLMpTXcQ%2FrM9Hrr64w%3D%3D&trackingId=HDpR3WvgGOnSW23qNXcDxA%3D%3D&trk=public_jobs_jserp-result_search-card
Title,Company,Location,Apply
Title,Company,Location,Apply
Title,Company,Location,Apply
Title,Company,Location,Apply
"Product Management, Director",Meta,"San Francisco, CA",https://www.linkedin.com/jobs/view/product-management-director-at-meta-3811301953?position=7&pageNum=0&refId=VbrOyXLhvSJx%2FAh1mQBgow%3D%3D&trackingId=6U4nFGriqaRRkKT1%2FTPvAg%3D%3D&trk=public_jobs_jserp-result_search-card
"Product Management, Director (Threads Growth)",Instagram,"Menlo Park, CA",https://www.linkedin.com/jobs/view/product-management-director-threads-growth-at-instagram-3859777256?position=1&pageNum=2&refId=14FEx90uPGKFDrOW0hkhkQ%3D%3D&trackingId=rtcwNYeStVv0TxE0vG98DQ%3D%3D&trk=public_jobs_jserp-result_search-card
Title,Company,Location,Apply
Title,Company,Location,Apply
"Senior Manager / Director, Business Development and Partner Management",PubMatic,"Redwood City, CA",https://www.linkedin.com/jobs/view/senior-manager-director-business-development-and-partner-management-at-pubmatic-3812016182?position=1&pageNum=25&refId=ORedfS3PHMq4EJ3H9kxeug%3D%3D&trackingId=cbhucwxFcW3LcAAUFTVa0g%3D%3D&trk=public_jobs_jserp-result_search-card
Director of Product Management,Balbix,"San Jose, CA",https://www.linkedin.com/jobs/view/director-of-product-management-at-balbix-3836791813?position=2&pageNum=25&refId=ORedfS3PHMq4EJ3H9kxeug%3D%3D&trackingId=0FEEQ8%2F83wLFMA8no2L76A%3D%3D&trk=public_jobs_jserp-result_search-card
Group Product Manager,Abbott,"Pleasanton, CA",https://www.linkedin.com/jobs/view/group-product-manager-at-abbott-3871819855?position=3&pageNum=25&refId=ORedfS3PHMq4EJ3H9kxeug%3D%3D&trackingId=nH8xLz6av8ml664tbu2rcA%3D%3D&trk=public_jobs_jserp-result_search-card
VP of Product Marketing,OPSWAT,"San Francisco, CA",https://www.linkedin.com/jobs/view/vp-of-product-marketing-at-opswat-3817445421?position=4&pageNum=25&refId=ORedfS3PHMq4EJ3H9kxeug%3D%3D&trackingId=S9Vo91lnF3O8qv3ewkBHog%3D%3D&trk=public_jobs_jserp-result_search-card
"Associate Director, Digital - Web Development",We Are RALLY,"San Francisco, CA",https://www.linkedin.com/jobs/view/associate-director-digital-web-development-at-we-are-rally-3834705479?position=5&pageNum=25&refId=ORedfS3PHMq4EJ3H9kxeug%3D%3D&trackingId=PCxPf5SMiTbVmYAzafsJ7Q%3D%3D&trk=public_jobs_jserp-result_search-card
"Sr. Director, Product Design",SoFi,"San Francisco, CA",https://www.linkedin.com/jobs/view/sr-director-product-design-at-sofi-3872816048?position=6&pageNum=25&refId=ORedfS3PHMq4EJ3H9kxeug%3D%3D&trackingId=sCmdbI8vzVmlHIxjmPFkKg%3D%3D&trk=public_jobs_jserp-result_search-card
Director of Sales,AllSpice,San Francisco Bay Area,https://www.linkedin.com/jobs/view/director-of-sales-at-allspice-3790040784?position=7&pageNum=25&refId=ORedfS3PHMq4EJ3H9kxeug%3D%3D&trackingId=qfpFWT7baaEwmmQDzlyPDw%3D%3D&trk=public_jobs_jserp-result_search-card
Head of Engineering,Partnology,"Berkeley, CA",https://www.linkedin.com/jobs/view/head-of-engineering-at-partnology-3848910565?position=8&pageNum=25&refId=ORedfS3PHMq4EJ3H9kxeug%3D%3D&trackingId=7%2B3mZsLte9zIiGiLHfnjCA%3D%3D&trk=public_jobs_jserp-result_search-card
"Strategy and Operations Manager, Creative Product Marketing",TikTok,"San Jose, CA",https://www.linkedin.com/jobs/view/strategy-and-operations-manager-creative-product-marketing-at-tiktok-3831032329?position=9&pageNum=25&refId=ORedfS3PHMq4EJ3H9kxeug%3D%3D&trackingId=1wiz4SwWa2kW1SVUrsMIgA%3D%3D&trk=public_jobs_jserp-result_search-card
Chief of Staff,Sonera,"Berkeley, CA",https://www.linkedin.com/jobs/view/chief-of-staff-at-sonera-3874473783?position=10&pageNum=25&refId=ORedfS3PHMq4EJ3H9kxeug%3D%3D&trackingId=R4va4REdTN%2FUth3wFMc9NA%3D%3D&trk=public_jobs_jserp-result_search-card
Title,Company,Location,Apply
DEX Product Owner,UpRecruit,"San Francisco, CA",https://www.linkedin.com/jobs/view/dex-product-owner-at-uprecruit-3861968312?position=9&pageNum=0&refId=MGkDbvXN5XoJvNMPNGU1zg%3D%3D&trackingId=YNe9ibJhUaK7PDdcH017VQ%3D%3D&trk=public_jobs_jserp-result_search-card
Product Designer,Avispa,"San Francisco, CA",https://www.linkedin.com/jobs/view/product-designer-at-avispa-3868942541?position=1&pageNum=25&refId=cvMI6aUAPOc21nUeGC7wsQ%3D%3D&trackingId=b2ZGrNbH8jJbnr%2FsAeW%2BVA%3D%3D&trk=public_jobs_jserp-result_search-card
GM/ Head of International DashPass,DoorDash,"San Francisco, CA",https://www.linkedin.com/jobs/view/gm-head-of-international-dashpass-at-doordash-3783856702?position=2&pageNum=25&refId=cvMI6aUAPOc21nUeGC7wsQ%3D%3D&trackingId=wdP3BzzZR6bsEHGNpT%2BXfw%3D%3D&trk=public_jobs_jserp-result_search-card
Business Engineering Manager,Meta,"Menlo Park, CA",https://www.linkedin.com/jobs/view/business-engineering-manager-at-meta-3811306348?position=3&pageNum=25&refId=cvMI6aUAPOc21nUeGC7wsQ%3D%3D&trackingId=8c%2B0wsR%2F8HsAaoq%2FiibySQ%3D%3D&trk=public_jobs_jserp-result_search-card
Head of Product,"Plume Design, Inc","Palo Alto, CA",https://www.linkedin.com/jobs/view/head-of-product-at-plume-design-inc-3814745161?position=4&pageNum=25&refId=cvMI6aUAPOc21nUeGC7wsQ%3D%3D&trackingId=1LoG0GNpwz6JHaWrG9TP7w%3D%3D&trk=public_jobs_jserp-result_search-card
Product Support Manager,Google,"San Bruno, CA",https://www.linkedin.com/jobs/view/product-support-manager-at-google-3873258839?position=9&pageNum=25&refId=cvMI6aUAPOc21nUeGC7wsQ%3D%3D&trackingId=7F6lRsCGiAlL%2FX8iTs6oBw%3D%3D&trk=public_jobs_jserp-result_search-card
Title,Company,Location,Apply
"Director, Business Development",Pinterest,"San Francisco, CA",https://www.linkedin.com/jobs/view/director-business-development-at-pinterest-3818219779?position=2&pageNum=25&refId=FU9RxzNEsrrkxvgCAy5e2w%3D%3D&trackingId=chTu0T4%2BkjvV8VrW%2BHrLAA%3D%3D&trk=public_jobs_jserp-result_search-card
Store Director,Confidential.,"San Francisco, CA",https://www.linkedin.com/jobs/view/store-director-at-confidential-3820090796?position=3&pageNum=25&refId=FU9RxzNEsrrkxvgCAy5e2w%3D%3D&trackingId=qBAuG%2FwSBLk1VFtmItZ9Lw%3D%3D&trk=public_jobs_jserp-result_search-card
"Senior Manager / GM, New Verticals - Gift Cards Strategy & Operations",DoorDash,"San Francisco, CA",https://www.linkedin.com/jobs/view/senior-manager-gm-new-verticals-gift-cards-strategy-operations-at-doordash-3842807131?position=5&pageNum=25&refId=FU9RxzNEsrrkxvgCAy5e2w%3D%3D&trackingId=dhPMH%2Fr6slEaZoh1icfzaA%3D%3D&trk=public_jobs_jserp-result_search-card
Group Manager Product Management - Monetization Services and Experiences,Intuit,"Mountain View, CA",https://www.linkedin.com/jobs/view/group-manager-product-management-monetization-services-and-experiences-at-intuit-3863973402?position=6&pageNum=25&refId=FU9RxzNEsrrkxvgCAy5e2w%3D%3D&trackingId=FitT4ijthqbsC93oF4TOqw%3D%3D&trk=public_jobs_jserp-result_search-card
Learning Management & Experience Platform Product Manager,Oracle,"Redwood City, CA",https://www.linkedin.com/jobs/view/learning-management-experience-platform-product-manager-at-oracle-3844894612?position=7&pageNum=25&refId=FU9RxzNEsrrkxvgCAy5e2w%3D%3D&trackingId=tqYf0PGjkqQ8oNRK%2BtZS7w%3D%3D&trk=public_jobs_jserp-result_search-card
"Data Science Manager, Analytics",Meta,"Menlo Park, CA",https://www.linkedin.com/jobs/view/data-science-manager-analytics-at-meta-3811306142?position=8&pageNum=25&refId=FU9RxzNEsrrkxvgCAy5e2w%3D%3D&trackingId=KGKKTeAn%2FJmCcA%2Bv8Qgfew%3D%3D&trk=public_jobs_jserp-result_search-card
"Data Science Manager, Analytics",Meta,"Burlingame, CA",https://www.linkedin.com/jobs/view/data-science-manager-analytics-at-meta-3811301870?position=9&pageNum=25&refId=FU9RxzNEsrrkxvgCAy5e2w%3D%3D&trackingId=H6clG58F0B0X0x%2FBh9aQWQ%3D%3D&trk=public_jobs_jserp-result_search-card
Product Manager - EV Batteries!,Jobot,"Fremont, CA",https://www.linkedin.com/jobs/view/product-manager-ev-batteries%21-at-jobot-3870532970?position=10&pageNum=25&refId=FU9RxzNEsrrkxvgCAy5e2w%3D%3D&trackingId=NxSdxGSGA4cNPCBH0E7N0w%3D%3D&trk=public_jobs_jserp-result_search-card
Title,Company,Location,Apply
Title,Company,Location,Apply
Title,Company,Location,Apply
Group Product Manager,UST,"San Jose, CA",https://www.linkedin.com/jobs/view/group-product-manager-at-ust-3813348238?position=1&pageNum=50&refId=3CQFLcPTjLVnzfRWPk7nYw%3D%3D&trackingId=7DV9wZRINAG4IJvJanQivw%3D%3D&trk=public_jobs_jserp-result_search-card
Research Manager,Roblox,"San Mateo, CA",https://www.linkedin.com/jobs/view/research-manager-at-roblox-3708144871?position=2&pageNum=50&refId=3CQFLcPTjLVnzfRWPk7nYw%3D%3D&trackingId=UhBG85xXvfNf5f9oj9JS%2Fg%3D%3D&trk=public_jobs_jserp-result_search-card
Regional Manager - San Francisco Bay Area,Equity Residential,"San Francisco, CA",https://www.linkedin.com/jobs/view/regional-manager-san-francisco-bay-area-at-equity-residential-3808854853?position=3&pageNum=50&refId=3CQFLcPTjLVnzfRWPk7nYw%3D%3D&trackingId=Uzs2ROeC2ZIHbsUBJdtcQw%3D%3D&trk=public_jobs_jserp-result_search-card
Senior Software Product Owner - Distributed Energy Resource Programs (Remote - US),Energy Solutions,"Oakland, CA",https://www.linkedin.com/jobs/view/senior-software-product-owner-distributed-energy-resource-programs-remote-us-at-energy-solutions-3835878897?position=4&pageNum=50&refId=3CQFLcPTjLVnzfRWPk7nYw%3D%3D&trackingId=sxppnhakabrs2eUekID2QQ%3D%3D&trk=public_jobs_jserp-result_search-card
"Sr. Manager, Production Operations",Tesla,"Fremont, CA",https://www.linkedin.com/jobs/view/sr-manager-production-operations-at-tesla-3745175708?position=5&pageNum=50&refId=3CQFLcPTjLVnzfRWPk7nYw%3D%3D&trackingId=izcg9sPIrmqssqJbw9od0w%3D%3D&trk=public_jobs_jserp-result_search-card
"Director, Large Partners and Segment Go-to-Market",Google,"San Bruno, CA",https://www.linkedin.com/jobs/view/director-large-partners-and-segment-go-to-market-at-google-3813284739?position=6&pageNum=50&refId=3CQFLcPTjLVnzfRWPk7nYw%3D%3D&trackingId=Kgogk%2Fnliu9ymcx3L2%2Fxyg%3D%3D&trk=public_jobs_jserp-result_search-card
Remote Director of Sales - (K-12 Sales),CyberCoders,"San Francisco, CA",https://www.linkedin.com/jobs/view/remote-director-of-sales-k-12-sales-at-cybercoders-3836230897?position=7&pageNum=50&refId=3CQFLcPTjLVnzfRWPk7nYw%3D%3D&trackingId=mPY%2B%2FxWXEGLwQAMjyWQKvg%3D%3D&trk=public_jobs_jserp-result_search-card
Director of Professional Services,Bigeye,"San Francisco, CA",https://www.linkedin.com/jobs/view/director-of-professional-services-at-bigeye-3860721942?position=8&pageNum=50&refId=3CQFLcPTjLVnzfRWPk7nYw%3D%3D&trackingId=8RhoOxoqy1xHjKIDFxhP%2Bg%3D%3D&trk=public_jobs_jserp-result_search-card
Learning Management & Experience Platform Product Manager,myGwork - LGBTQ+ Business Community,"Redwood City, CA",https://www.linkedin.com/jobs/view/learning-management-experience-platform-product-manager-at-mygwork-lgbtq%2B-business-community-3848217912?position=9&pageNum=50&refId=3CQFLcPTjLVnzfRWPk7nYw%3D%3D&trackingId=IHc3kPFDMH067YJUSRt2jg%3D%3D&trk=public_jobs_jserp-result_search-card
Brand Executive,Oribe Hair Care,"San Jose, CA",https://www.linkedin.com/jobs/view/brand-executive-at-oribe-hair-care-3776628084?position=10&pageNum=50&refId=3CQFLcPTjLVnzfRWPk7nYw%3D%3D&trackingId=LZj4BwjjolQ5EwSaSz8wiQ%3D%3D&trk=public_jobs_jserp-result_search-card
Title,Company,Location,Apply
Title,Company,Location,Apply
Vice President Worldwide Sales,LitePoint,"San Jose, CA",https://www.linkedin.com/jobs/view/vice-president-worldwide-sales-at-litepoint-3809103975?position=1&pageNum=70&refId=EzdtyTm1LT5XIVZPCsB1Rg%3D%3D&trackingId=JpWDuAoCjMXTFE2XI6jZ0Q%3D%3D&trk=public_jobs_jserp-result_search-card
"Director, Product Marketing - IT Automation - Remote | WFH",Get It Recruit - Marketing,"Sunnyvale, CA",https://www.linkedin.com/jobs/view/director-product-marketing-it-automation-remote-wfh-at-get-it-recruit-marketing-3857440640?position=2&pageNum=70&refId=EzdtyTm1LT5XIVZPCsB1Rg%3D%3D&trackingId=qEDVv4XpQaddrs7aEVxiDQ%3D%3D&trk=public_jobs_jserp-result_search-card
Director of Financial Planning and Analysis (EV industry),Robert Half,San Francisco Bay Area,https://www.linkedin.com/jobs/view/director-of-financial-planning-and-analysis-ev-industry-at-robert-half-3865593671?position=3&pageNum=70&refId=EzdtyTm1LT5XIVZPCsB1Rg%3D%3D&trackingId=AzQ0A%2BFrR2%2BfwPi7Lmgrpw%3D%3D&trk=public_jobs_jserp-result_search-card
Senior GTM Strategy & Operations Manager,Ripple,"San Francisco, CA",https://www.linkedin.com/jobs/view/senior-gtm-strategy-operations-manager-at-ripple-3820441318?position=4&pageNum=70&refId=EzdtyTm1LT5XIVZPCsB1Rg%3D%3D&trackingId=mnH5TaHOfx6VtxpN3igMTw%3D%3D&trk=public_jobs_jserp-result_search-card
"Sr. Director- Audience, Insights & Measurements",Albertsons Companies,"Pleasanton, CA",https://www.linkedin.com/jobs/view/sr-director-audience-insights-measurements-at-albertsons-companies-3872865571?position=5&pageNum=70&refId=EzdtyTm1LT5XIVZPCsB1Rg%3D%3D&trackingId=s0%2Bgtvjdg9gwGFC4zaa3Rg%3D%3D&trk=public_jobs_jserp-result_search-card
"Technical Manager, Clinical QA",Bayside Solutions,"San Rafael, CA",https://www.linkedin.com/jobs/view/technical-manager-clinical-qa-at-bayside-solutions-3847697737?position=6&pageNum=70&refId=EzdtyTm1LT5XIVZPCsB1Rg%3D%3D&trackingId=PgPkotSglk6H4HCcM%2FU2Eg%3D%3D&trk=public_jobs_jserp-result_search-card
"Technical Manager, Clinical QA",Bayside Solutions,"Novato, CA",https://www.linkedin.com/jobs/view/technical-manager-clinical-qa-at-bayside-solutions-3847699283?position=7&pageNum=70&refId=EzdtyTm1LT5XIVZPCsB1Rg%3D%3D&trackingId=EzAzS%2B6JRqmVf5Fe1VpzUg%3D%3D&trk=public_jobs_jserp-result_search-card
"Director, Data Science - Monetization Infrastructure",Meta,"Menlo Park, CA",https://www.linkedin.com/jobs/view/director-data-science-monetization-infrastructure-at-meta-3836302782?position=8&pageNum=70&refId=EzdtyTm1LT5XIVZPCsB1Rg%3D%3D&trackingId=YElclEvZmhOlmdodelxZNg%3D%3D&trk=public_jobs_jserp-result_search-card
"Sr. Director, Product Management",Supermicro,"San Jose, CA",https://www.linkedin.com/jobs/view/sr-director-product-management-at-supermicro-3839544334?position=9&pageNum=70&refId=EzdtyTm1LT5XIVZPCsB1Rg%3D%3D&trackingId=%2FPT1WA5LLnjKLbpm%2BCZFqQ%3D%3D&trk=public_jobs_jserp-result_search-card
"Manager, Strategic Partnerships",Corsair,"Milpitas, CA",https://www.linkedin.com/jobs/view/manager-strategic-partnerships-at-corsair-3829513057?position=10&pageNum=70&refId=EzdtyTm1LT5XIVZPCsB1Rg%3D%3D&trackingId=T2HB746C8uiPcRkuE%2BXjYg%3D%3D&trk=public_jobs_jserp-result_search-card
Title,Company,Location,Apply
Chief Operating Officer,Synergy HealthCare Partners,San Francisco Bay Area,https://www.linkedin.com/jobs/view/chief-operating-officer-at-synergy-healthcare-partners-3870851762?position=1&pageNum=70&refId=LDzI3mrHlxUX%2FvUdv6ltdQ%3D%3D&trackingId=0o5hBcBXwRQqU%2FpKQwuDIg%3D%3D&trk=public_jobs_jserp-result_search-card
Director of Sales,Census,"San Francisco, CA",https://www.linkedin.com/jobs/view/director-of-sales-at-census-3860731185?position=2&pageNum=70&refId=LDzI3mrHlxUX%2FvUdv6ltdQ%3D%3D&trackingId=T2dBXmeRi3Roapn%2BlZ8nTA%3D%3D&trk=public_jobs_jserp-result_search-card
Title,Company,Location,Apply
Title,Company,Location,Apply
District Manager,Komet USA,"San Francisco, CA",https://www.linkedin.com/jobs/view/district-manager-at-komet-usa-3862115774?position=1&pageNum=80&refId=cZZHU3jSfw6HngRI%2F1U0nA%3D%3D&trackingId=pEMfPmELK4AFwFIu3NFCww%3D%3D&trk=public_jobs_jserp-result_search-card
Head of Product Marketing,Merge,"San Francisco, CA",https://www.linkedin.com/jobs/view/head-of-product-marketing-at-merge-3841325654?position=2&pageNum=80&refId=cZZHU3jSfw6HngRI%2F1U0nA%3D%3D&trackingId=cJaRiIzcuzhbvO%2F0UuCgUA%3D%3D&trk=public_jobs_jserp-result_search-card
"Vice President, Digital Experience and Platforms",ServiceNow,"Santa Clara, CA",https://www.linkedin.com/jobs/view/vice-president-digital-experience-and-platforms-at-servicenow-3848046969?position=3&pageNum=80&refId=cZZHU3jSfw6HngRI%2F1U0nA%3D%3D&trackingId=fAHJdb5tyWOqy2VqSAqDLA%3D%3D&trk=public_jobs_jserp-result_search-card
"SVP, Public Relations",RH,"Corte Madera, CA",https://www.linkedin.com/jobs/view/svp-public-relations-at-rh-3798178829?position=4&pageNum=80&refId=cZZHU3jSfw6HngRI%2F1U0nA%3D%3D&trackingId=TxGpPvBvdGwdckmmZ2Fdhg%3D%3D&trk=public_jobs_jserp-result_search-card
Senior Engineering Manager - Remote,PayNearMe,"Santa Clara, CA",https://www.linkedin.com/jobs/view/senior-engineering-manager-remote-at-paynearme-3866192254?position=5&pageNum=80&refId=cZZHU3jSfw6HngRI%2F1U0nA%3D%3D&trackingId=2yJP2TMvKUudqWJfOrckOA%3D%3D&trk=public_jobs_jserp-result_search-card
Senior Technical Manager-Polymers/Dyes/Inks/Coatings/Plastics,"Brilliant Group, Inc.","Richmond, CA",https://www.linkedin.com/jobs/view/senior-technical-manager-polymers-dyes-inks-coatings-plastics-at-brilliant-group-inc-3869439296?position=6&pageNum=80&refId=cZZHU3jSfw6HngRI%2F1U0nA%3D%3D&trackingId=ARmZN5HkLGnn2Nq5UqBLRQ%3D%3D&trk=public_jobs_jserp-result_search-card
Head of AI,App0,San Francisco Bay Area,https://www.linkedin.com/jobs/view/head-of-ai-at-app0-3792287311?position=7&pageNum=80&refId=cZZHU3jSfw6HngRI%2F1U0nA%3D%3D&trackingId=MDrUQ%2BjW%2BV0%2FLZ65ILJ37w%3D%3D&trk=public_jobs_jserp-result_search-card
"Senior Program Manager, TPO Financing",Qcells North America,"San Francisco, CA",https://www.linkedin.com/jobs/view/senior-program-manager-tpo-financing-at-qcells-north-america-3822931341?position=8&pageNum=80&refId=cZZHU3jSfw6HngRI%2F1U0nA%3D%3D&trackingId=9%2BqZHACsawX81MdM%2Bd%2BYdw%3D%3D&trk=public_jobs_jserp-result_search-card
"Director, Technical Program Management AI/ML- (Remote- Eligible)",SimplyApply,"San Francisco, CA",https://www.linkedin.com/jobs/view/director-technical-program-management-ai-ml-remote-eligible-at-simplyapply-3864912277?position=9&pageNum=80&refId=cZZHU3jSfw6HngRI%2F1U0nA%3D%3D&trackingId=sSxXdtODHQtkJ7JBmX7Zcw%3D%3D&trk=public_jobs_jserp-result_search-card
"Director, Strategic Partnerships",myGwork - LGBTQ+ Business Community,"San Francisco, CA",https://www.linkedin.com/jobs/view/director-strategic-partnerships-at-mygwork-lgbtq%2B-business-community-3848229058?position=10&pageNum=80&refId=cZZHU3jSfw6HngRI%2F1U0nA%3D%3D&trackingId=8jNg7pS4ROJ9QpsPcTyDAQ%3D%3D&trk=public_jobs_jserp-result_search-card
Title,Company,Location,Apply
Title,Company,Location,Apply
Title,Company,Location,Apply
"Director, Software Product Management",Thermo Fisher Scientific,"South San Francisco, CA",https://www.linkedin.com/jobs/view/director-software-product-management-at-thermo-fisher-scientific-3842027354?position=1&pageNum=90&refId=TOTk6zBCq3xImc61%2BUPjxw%3D%3D&trackingId=FeH4TAi%2BoCzg2jXkJdgLpQ%3D%3D&trk=public_jobs_jserp-result_search-card
"N.W. Regional Sales Director, Life and related products - Remote | WFH",Get It Recruit - Marketing,"San Francisco, CA",https://www.linkedin.com/jobs/view/n-w-regional-sales-director-life-and-related-products-remote-wfh-at-get-it-recruit-marketing-3860870155?position=2&pageNum=90&refId=TOTk6zBCq3xImc61%2BUPjxw%3D%3D&trackingId=PNNKn3Kas7ijgRkb%2BtLj%2Bw%3D%3D&trk=public_jobs_jserp-result_search-card
Head of Customer Support,Zipline,"South San Francisco, CA",https://www.linkedin.com/jobs/view/head-of-customer-support-at-zipline-3848554342?position=3&pageNum=90&refId=TOTk6zBCq3xImc61%2BUPjxw%3D%3D&trackingId=%2FwIAvlHX%2F%2BFfUuQSJDSIDw%3D%3D&trk=public_jobs_jserp-result_search-card
Chief Revenue Officer,ELife,"Burlingame, CA",https://www.linkedin.com/jobs/view/chief-revenue-officer-at-elife-3855780019?position=4&pageNum=90&refId=TOTk6zBCq3xImc61%2BUPjxw%3D%3D&trackingId=Chn0%2BXCWDtZY2yiyYY6s5g%3D%3D&trk=public_jobs_jserp-result_search-card
Director of Sales Enablement,fabric,"San Francisco, CA",https://www.linkedin.com/jobs/view/director-of-sales-enablement-at-fabric-3835743970?position=5&pageNum=90&refId=TOTk6zBCq3xImc61%2BUPjxw%3D%3D&trackingId=8IV6KJoLjKbBjvN8djnMNg%3D%3D&trk=public_jobs_jserp-result_search-card
Senior Manager Vision Product Engineering,Intuitive,"Sunnyvale, CA",https://www.linkedin.com/jobs/view/senior-manager-vision-product-engineering-at-intuitive-3875719156?position=6&pageNum=90&refId=TOTk6zBCq3xImc61%2BUPjxw%3D%3D&trackingId=oT7ipbt5f1nvZfTXiVErlw%3D%3D&trk=public_jobs_jserp-result_search-card
"Senior Director, Pharmaceutical Development",Bayside Solutions,"Fremont, CA",https://www.linkedin.com/jobs/view/senior-director-pharmaceutical-development-at-bayside-solutions-3864565543?position=7&pageNum=90&refId=TOTk6zBCq3xImc61%2BUPjxw%3D%3D&trackingId=kJTdthnvIZH1rqfQTLAULg%3D%3D&trk=public_jobs_jserp-result_search-card
"SVP, Global Operations Construction Management",Prologis,"San Francisco, CA",https://www.linkedin.com/jobs/view/svp-global-operations-construction-management-at-prologis-3842369476?position=8&pageNum=90&refId=TOTk6zBCq3xImc61%2BUPjxw%3D%3D&trackingId=40OVJdA0rt43DGXMOVSC%2FA%3D%3D&trk=public_jobs_jserp-result_search-card
"Lead UXR Manager, FAIR",Meta,"San Francisco, CA",https://www.linkedin.com/jobs/view/lead-uxr-manager-fair-at-meta-3844675889?position=9&pageNum=90&refId=TOTk6zBCq3xImc61%2BUPjxw%3D%3D&trackingId=FecoQw3YyDkQ6kOg5F3gog%3D%3D&trk=public_jobs_jserp-result_search-card
Chief Operating Officer,Zuckerberg San Francisco General Hospital and Trauma Center,"San Francisco, CA",https://www.linkedin.com/jobs/view/chief-operating-officer-at-zuckerberg-san-francisco-general-hospital-and-trauma-center-3865012912?position=10&pageNum=90&refId=TOTk6zBCq3xImc61%2BUPjxw%3D%3D&trackingId=3XHX51JWoyRV58wTnbbKzg%3D%3D&trk=public_jobs_jserp-result_search-card
Title,Company,Location,Apply
"Director, Business Development â€“ AI/ML, GenAI (AI2303)",SiMa.ai,"San Jose, CA",https://www.linkedin.com/jobs/view/director-business-development-%E2%80%93-ai-ml-genai-ai2303-at-sima-ai-3846495747?position=1&pageNum=90&refId=qrKklLoeQPhRAwLY4WfGLg%3D%3D&trackingId=4WVljIbJnyc1yjDXfry8Qg%3D%3D&trk=public_jobs_jserp-result_search-card
Manager 2 Development,Intuit,"Mountain View, CA",https://www.linkedin.com/jobs/view/manager-2-development-at-intuit-3863971722?position=2&pageNum=90&refId=qrKklLoeQPhRAwLY4WfGLg%3D%3D&trackingId=sv6A3kjE%2Bj3l0o9b6DpABg%3D%3D&trk=public_jobs_jserp-result_search-card
Director of Product Management - Programming Models,Aerospike,"Mountain View, CA",https://www.linkedin.com/jobs/view/director-of-product-management-programming-models-at-aerospike-3868026770?position=3&pageNum=90&refId=qrKklLoeQPhRAwLY4WfGLg%3D%3D&trackingId=ZJ%2Fj97DFkoPkbPOdZYGqOg%3D%3D&trk=public_jobs_jserp-result_search-card
Vice President - Fund Banking - Innovation Banking,myGwork - LGBTQ+ Business Community,"San Francisco, CA",https://www.linkedin.com/jobs/view/vice-president-fund-banking-innovation-banking-at-mygwork-lgbtq%2B-business-community-3857064022?position=4&pageNum=90&refId=qrKklLoeQPhRAwLY4WfGLg%3D%3D&trackingId=AQsIu3JrNhGGPwUQU7Xp%2Bg%3D%3D&trk=public_jobs_jserp-result_search-card
Director of Global Payment (Remote),McAfee,"San Jose, CA",https://www.linkedin.com/jobs/view/director-of-global-payment-remote-at-mcafee-3873373378?position=5&pageNum=90&refId=qrKklLoeQPhRAwLY4WfGLg%3D%3D&trackingId=Bzyw%2BLe84Uza6yv5gSmZ8w%3D%3D&trk=public_jobs_jserp-result_search-card
"Director, Enterprise Software Relationship Banking",myGwork - LGBTQ+ Business Community,"San Francisco, CA",https://www.linkedin.com/jobs/view/director-enterprise-software-relationship-banking-at-mygwork-lgbtq%2B-business-community-3848268408?position=6&pageNum=90&refId=qrKklLoeQPhRAwLY4WfGLg%3D%3D&trackingId=jWIb8YT3RflWT35ASzpzdQ%3D%3D&trk=public_jobs_jserp-result_search-card
"Senior Director, Product Marketing",Workato,"Mountain View, CA",https://www.linkedin.com/jobs/view/senior-director-product-marketing-at-workato-3723005255?position=7&pageNum=90&refId=qrKklLoeQPhRAwLY4WfGLg%3D%3D&trackingId=DYtL1RxBHYX9ft0ufB6TNA%3D%3D&trk=public_jobs_jserp-result_search-card
"Lead UXR Manager, FAIR",Meta,"Menlo Park, CA",https://www.linkedin.com/jobs/view/lead-uxr-manager-fair-at-meta-3844678460?position=8&pageNum=90&refId=qrKklLoeQPhRAwLY4WfGLg%3D%3D&trackingId=sJNQI4SFGHUHGloGEzEu9Q%3D%3D&trk=public_jobs_jserp-result_search-card
Retail Director (Sports & Entertainment),Afton Consulting Group,"San Jose, CA",https://www.linkedin.com/jobs/view/retail-director-sports-entertainment-at-afton-consulting-group-3867430632?position=9&pageNum=90&refId=qrKklLoeQPhRAwLY4WfGLg%3D%3D&trackingId=6OibCH1POhEMhyrte4sWow%3D%3D&trk=public_jobs_jserp-result_search-card
"Director, Business Development (Pharma)",MMS,"San Francisco, CA",https://www.linkedin.com/jobs/view/director-business-development-pharma-at-mms-3761486905?position=10&pageNum=90&refId=qrKklLoeQPhRAwLY4WfGLg%3D%3D&trackingId=7LrDc85B169pKshzwphxyA%3D%3D&trk=public_jobs_jserp-result_search-card
Title,Company,Location,Apply
"Vice President, Strategic Finance & FP&A",Aurora,"Mountain View, CA",https://www.linkedin.com/jobs/view/vice-president-strategic-finance-fp-a-at-aurora-3877328751?position=7&pageNum=90&refId=oHCutwd%2Bjwz5K8nfFypRyQ%3D%3D&trackingId=Z92kdmMnUKGm1cac2MmQiw%3D%3D&trk=public_jobs_jserp-result_search-card
"Manager, Product Management",Supermicro,"San Jose, CA",https://www.linkedin.com/jobs/view/manager-product-management-at-supermicro-3828574151?position=8&pageNum=90&refId=oHCutwd%2Bjwz5K8nfFypRyQ%3D%3D&trackingId=BYfRLNtwf0LasZU606rL2g%3D%3D&trk=public_jobs_jserp-result_search-card
"Director, Alliances (Salesforce)",Thunder,"San Francisco, CA",https://www.linkedin.com/jobs/view/director-alliances-salesforce-at-thunder-3854527925?position=9&pageNum=90&refId=oHCutwd%2Bjwz5K8nfFypRyQ%3D%3D&trackingId=t6%2BwjqzmLhohtEoDdanMvg%3D%3D&trk=public_jobs_jserp-result_search-card
